{"_id":{"$oid":"5ba51b4a93184a2b540afb9d"},"driverid":"nguyendung","locationfrom":"Thừa Thiên Huế","locationto":"Đà Nẵng","starttime":{"$date":"2018-10-01T01:00:00.000Z"},"options":{"wifi":"yes","music":"yes"},"numberslots":7,"availableslots":"5","passengers":[{"passengerid":"anhanh","locationgetin":"","locationgetoff":"","luggagesize":"","paymentmethod":"cash","fee":1.2e+06,"note":""},{"passengerid":"dungdinh","locationgetin":"","locationgetoff":"","paymentmethod":"credit card","fee":115000.0}]}
